Address Book,moderate,moderate,moderate,moderate,low,low,moderate,high,moderate,moderate,moderate,high,moderate,moderate,moderate,1
agis,moderate,moderate,moderate,moderate,moderate,moderate,moderate,moderate,high,moderate,moderate,moderate,moderate,moderate,moderate,1
AGORA,moderate,moderate,moderate,moderate,moderate,moderate,moderate,moderate,moderate,moderate,moderate,low,moderate,moderate,moderate,1
Alarm System,moderate,low,moderate,moderate,moderate,moderate,moderate,moderate,moderate,moderate,high,moderate,moderate,moderate,moderate,1
AllSports Feature Model,low,low,moderate,low,moderate,moderate,moderate,moderate,moderate,moderate,high,moderate,moderate,moderate,moderate,1
Amazon web services,moderate,low,veryLow,moderate,moderate,moderate,moderate,low,moderate,moderate,moderate,moderate,moderate,moderate,moderate,1
Applications,moderate,moderate,moderate,moderate,veryHigh,moderate,moderate,moderate,moderate,moderate,veryHigh,veryLow,moderate,moderate,moderate,1
Assistente de Compras,low,moderate,moderate,low,moderate,moderate,veryLow,moderate,moderate,moderate,moderate,low,moderate,moderate,moderate,1
ATM Software,moderate,moderate,moderate,moderate,moderate,moderate,moderate,moderate,moderate,moderate,moderate,moderate,moderate,moderate,moderate,1
Audio Player,moderate,moderate,moderate,moderate,moderate,moderate,moderate,moderate,moderate,moderate,moderate,moderate,low,moderate,moderate,1
AudioPlayer,moderate,moderate,moderate,moderate,moderate,moderate,moderate,moderate,moderate,moderate,moderate,moderate,moderate,moderate,moderate,1
Avion,low,moderate,moderate,low,moderate,moderate,low,moderate,moderate,moderate,moderate,moderate,low,moderate,moderate,1
B2B Website,moderate,high,moderate,moderate,moderate,low,moderate,moderate,moderate,moderate,moderate,high,moderate,moderate,moderate,1
Basic Text Editor,moderate,moderate,moderate,moderate,low,low,moderate,moderate,moderate,moderate,moderate,high,moderate,moderate,moderate,1
body comfort system,moderate,moderate,moderate,moderate,moderate,moderate,moderate,moderate,moderate,high,moderate,moderate,moderate,moderate,moderate,1
Buscame,moderate,moderate,moderate,moderate,moderate,moderate,moderate,low,moderate,moderate,moderate,moderate,moderate,moderate,moderate,1
Car PL,moderate,low,moderate,moderate,moderate,moderate,moderate,moderate,moderate,moderate,high,moderate,moderate,moderate,moderate,1
Car Software System,moderate,moderate,moderate,moderate,moderate,moderate,moderate,moderate,moderate,moderate,high,moderate,moderate,moderate,moderate,1
Card Payment Terminal,moderate,moderate,moderate,moderate,moderate,moderate,moderate,moderate,moderate,veryHigh,high,moderate,moderate,high,moderate,1
Cars xpto,moderate,moderate,moderate,moderate,moderate,moderate,moderate,moderate,moderate,moderate,moderate,low,moderate,moderate,moderate,1
CCCMS,moderate,moderate,moderate,moderate,moderate,moderate,moderate,moderate,moderate,moderate,moderate,moderate,moderate,moderate,moderate,1
CIMS PL,low,moderate,moderate,moderate,low,low,moderate,low,moderate,moderate,moderate,veryHigh,veryLow,moderate,moderate,1
Congress Assistant,moderate,low,moderate,moderate,moderate,moderate,moderate,moderate,moderate,moderate,moderate,moderate,moderate,moderate,moderate,1
Counter Strike Simple Feature Model,moderate,moderate,moderate,moderate,moderate,moderate,moderate,moderate,moderate,high,veryHigh,moderate,moderate,high,moderate,1
Cruise Control,moderate,moderate,moderate,moderate,moderate,moderate,moderate,moderate,moderate,moderate,moderate,moderate,moderate,moderate,moderate,1
Dental Surgery,low,moderate,moderate,moderate,moderate,moderate,moderate,moderate,moderate,moderate,moderate,moderate,low,moderate,moderate,1
Documentation_Generation,moderate,moderate,moderate,moderate,high,high,high,moderate,moderate,veryHigh,moderate,moderate,moderate,high,moderate,1
Drupal sawsen,low,moderate,moderate,veryLow,moderate,moderate,veryLow,moderate,moderate,moderate,high,veryLow,low,moderate,moderate,1
Dummy Car,moderate,moderate,moderate,moderate,moderate,moderate,moderate,low,moderate,moderate,moderate,moderate,low,moderate,moderate,1
e-commerce,moderate,moderate,moderate,moderate,moderate,moderate,moderate,moderate,moderate,moderate,moderate,moderate,moderate,moderate,moderate,1
E-commerce system1,moderate,moderate,moderate,moderate,moderate,low,moderate,moderate,moderate,moderate,moderate,moderate,low,moderate,moderate,1
E-Learning,moderate,moderate,moderate,moderate,moderate,moderate,moderate,moderate,moderate,moderate,high,moderate,moderate,moderate,moderate,1
E-portal,low,moderate,moderate,moderate,moderate,moderate,moderate,moderate,moderate,moderate,moderate,moderate,moderate,moderate,moderate,1
Editor de imagem,moderate,moderate,moderate,moderate,moderate,moderate,moderate,moderate,moderate,moderate,high,moderate,moderate,moderate,moderate,1
ESCA Embeeded System,low,moderate,veryLow,low,moderate,moderate,low,low,moderate,moderate,moderate,moderate,low,moderate,moderate,1
eshop,low,moderate,moderate,low,moderate,moderate,moderate,moderate,moderate,moderate,high,low,low,moderate,moderate,1
Eshop-ufrj,moderate,moderate,moderate,moderate,moderate,moderate,moderate,moderate,moderate,moderate,moderate,moderate,moderate,moderate,moderate,1
ETRobocon,low,moderate,moderate,moderate,moderate,moderate,moderate,moderate,moderate,moderate,moderate,moderate,moderate,moderate,moderate,1
eventos2,moderate,moderate,moderate,moderate,moderate,moderate,moderate,moderate,moderate,moderate,moderate,moderate,moderate,moderate,moderate,1
Flight Reservations,moderate,moderate,moderate,moderate,moderate,moderate,moderate,low,moderate,moderate,high,moderate,moderate,moderate,moderate,1
Flight Reservations,moderate,moderate,moderate,moderate,moderate,moderate,moderate,low,moderate,moderate,high,moderate,moderate,moderate,moderate,1
FrameWorkProdemge,moderate,moderate,moderate,moderate,moderate,moderate,moderate,moderate,moderate,moderate,moderate,moderate,moderate,moderate,moderate,1
G10-music player,moderate,moderate,moderate,moderate,low,moderate,moderate,low,moderate,moderate,moderate,veryHigh,moderate,moderate,moderate,1
Game Entity Model,moderate,moderate,moderate,moderate,moderate,moderate,moderate,moderate,moderate,moderate,moderate,moderate,moderate,moderate,moderate,1
GMF_Eclipse_Reuso_UFRJ,moderate,high,moderate,moderate,low,low,moderate,low,moderate,moderate,moderate,moderate,low,moderate,moderate,1
Graph,moderate,moderate,veryLow,moderate,high,moderate,moderate,moderate,moderate,moderate,moderate,moderate,moderate,moderate,moderate,1
GreenHouse_Control_and_Monitoring,moderate,moderate,moderate,moderate,moderate,low,moderate,high,moderate,moderate,high,moderate,moderate,moderate,moderate,1
Gsist,moderate,moderate,moderate,moderate,moderate,moderate,moderate,low,moderate,moderate,moderate,moderate,moderate,moderate,moderate,1
GuideAgent,moderate,moderate,moderate,moderate,moderate,moderate,moderate,low,moderate,veryHigh,moderate,moderate,low,moderate,moderate,1
GymManager,moderate,moderate,high,moderate,moderate,moderate,moderate,moderate,moderate,moderate,moderate,moderate,moderate,moderate,moderate,1
Homepage based on wiki,moderate,moderate,moderate,moderate,moderate,moderate,moderate,moderate,moderate,moderate,moderate,moderate,moderate,moderate,moderate,1
Hybrid Car,low,low,veryLow,moderate,moderate,moderate,moderate,low,moderate,moderate,moderate,moderate,moderate,moderate,moderate,1
IDE4OCL,moderate,moderate,moderate,moderate,low,low,moderate,moderate,moderate,moderate,moderate,veryHigh,moderate,moderate,moderate,1
IDE4OCL,moderate,moderate,moderate,moderate,moderate,moderate,moderate,moderate,moderate,moderate,moderate,veryHigh,moderate,moderate,moderate,1
iNavBasic,moderate,moderate,moderate,low,moderate,low,low,moderate,moderate,moderate,moderate,low,low,moderate,moderate,1
IntelligentTutoringSystem,moderate,moderate,moderate,moderate,moderate,moderate,moderate,moderate,moderate,moderate,high,moderate,moderate,moderate,moderate,1
Inventory,moderate,moderate,moderate,moderate,moderate,moderate,moderate,moderate,moderate,veryHigh,high,moderate,moderate,moderate,moderate,1
Invio,moderate,moderate,moderate,moderate,moderate,moderate,moderate,moderate,moderate,moderate,moderate,moderate,moderate,moderate,moderate,1
IRIS,moderate,moderate,moderate,moderate,moderate,moderate,moderate,moderate,moderate,veryHigh,veryHigh,moderate,moderate,moderate,moderate,1
JCalc_LPS,moderate,moderate,moderate,moderate,moderate,moderate,moderate,moderate,moderate,moderate,moderate,moderate,moderate,moderate,moderate,1
JCS,moderate,low,moderate,moderate,moderate,moderate,moderate,moderate,moderate,moderate,moderate,moderate,moderate,moderate,moderate,1
Jetbrains,moderate,moderate,moderate,moderate,moderate,moderate,moderate,moderate,high,moderate,veryHigh,moderate,moderate,moderate,moderate,1
Jogo,moderate,moderate,veryLow,moderate,moderate,low,moderate,moderate,moderate,moderate,high,moderate,low,moderate,moderate,1
Jogo de Engenharia de Software,moderate,moderate,moderate,moderate,moderate,moderate,moderate,moderate,moderate,moderate,veryHigh,moderate,moderate,moderate,moderate,1
Ligne des sites Web,moderate,moderate,moderate,moderate,moderate,moderate,moderate,moderate,high,moderate,moderate,moderate,moderate,moderate,moderate,1
Livraria Online,moderate,moderate,moderate,moderate,moderate,moderate,moderate,moderate,moderate,high,high,moderate,moderate,moderate,moderate,1
Loja Virtual,low,moderate,moderate,low,moderate,moderate,moderate,moderate,moderate,moderate,high,moderate,moderate,moderate,moderate,1
LXEP Series,low,moderate,moderate,low,low,low,low,moderate,moderate,moderate,moderate,moderate,low,moderate,moderate,1
Magister 2014-ROLOG,moderate,moderate,veryHigh,moderate,moderate,moderate,moderate,moderate,moderate,moderate,moderate,veryHigh,moderate,moderate,moderate,1
Maquina de Café,low,low,moderate,low,moderate,moderate,low,moderate,moderate,moderate,moderate,moderate,moderate,moderate,moderate,1
MarketPlace-Sample,moderate,moderate,moderate,moderate,low,low,moderate,moderate,moderate,moderate,moderate,high,low,moderate,moderate,1
MasterSoft: Verkauf,moderate,moderate,moderate,moderate,high,moderate,moderate,moderate,moderate,moderate,moderate,low,moderate,moderate,moderate,1
Match Engine,low,moderate,moderate,moderate,moderate,moderate,moderate,moderate,moderate,moderate,moderate,moderate,moderate,moderate,moderate,1
Match football,low,moderate,moderate,moderate,low,low,moderate,moderate,moderate,moderate,moderate,veryHigh,moderate,moderate,moderate,1
Middle Office,moderate,moderate,moderate,moderate,moderate,low,moderate,moderate,moderate,moderate,moderate,moderate,low,moderate,moderate,1
MiniRPG,moderate,moderate,moderate,low,moderate,low,low,moderate,moderate,moderate,moderate,moderate,moderate,moderate,moderate,1
MiniTV,moderate,moderate,moderate,moderate,low,moderate,moderate,moderate,moderate,moderate,moderate,moderate,moderate,moderate,moderate,1
MISO Uniandes 201411102,moderate,moderate,moderate,moderate,low,low,moderate,moderate,moderate,moderate,moderate,moderate,moderate,moderate,moderate,1
MLX,moderate,moderate,moderate,moderate,high,moderate,moderate,moderate,moderate,veryHigh,moderate,moderate,moderate,moderate,moderate,1
Mobile Applications Contents,moderate,moderate,moderate,moderate,moderate,moderate,moderate,high,moderate,moderate,moderate,high,moderate,moderate,moderate,1
Mobile Game,low,low,moderate,low,moderate,moderate,veryLow,moderate,moderate,moderate,moderate,moderate,moderate,moderate,moderate,1
Mobile Media,moderate,moderate,moderate,moderate,moderate,moderate,moderate,moderate,moderate,moderate,high,moderate,moderate,moderate,moderate,1
Mobile Media,moderate,moderate,moderate,moderate,moderate,moderate,moderate,moderate,moderate,moderate,high,low,low,moderate,moderate,1
Mobile Media,moderate,moderate,moderate,moderate,moderate,moderate,moderate,moderate,moderate,moderate,moderate,moderate,moderate,moderate,moderate,1
Mobile Media Adriano Lages,moderate,moderate,moderate,moderate,moderate,moderate,moderate,moderate,moderate,moderate,moderate,moderate,moderate,moderate,moderate,1
Mobile Media JULIO,moderate,moderate,moderate,moderate,moderate,moderate,moderate,moderate,moderate,moderate,high,moderate,moderate,moderate,moderate,1
Mobile Media until relase 7,moderate,moderate,moderate,moderate,moderate,moderate,moderate,moderate,moderate,moderate,moderate,moderate,moderate,moderate,moderate,1
Mobile Media v3,low,moderate,moderate,low,moderate,low,low,moderate,moderate,moderate,moderate,moderate,low,moderate,moderate,1
Mobile media v4,moderate,moderate,moderate,moderate,moderate,low,moderate,moderate,moderate,moderate,moderate,moderate,low,moderate,moderate,1
Mobile media v5,moderate,moderate,moderate,moderate,moderate,low,moderate,moderate,moderate,moderate,moderate,moderate,low,moderate,moderate,1
Mobile media v6,moderate,moderate,moderate,moderate,moderate,low,moderate,moderate,moderate,moderate,moderate,moderate,moderate,moderate,moderate,1
Mobile Media v7,moderate,moderate,moderate,moderate,moderate,moderate,moderate,moderate,moderate,moderate,moderate,moderate,moderate,moderate,moderate,1
Mobile Media v8,moderate,moderate,moderate,moderate,moderate,moderate,moderate,moderate,moderate,moderate,moderate,moderate,moderate,moderate,moderate,1
Mobile Media_LeonardoSilva,moderate,moderate,moderate,moderate,moderate,moderate,moderate,moderate,moderate,moderate,high,moderate,moderate,moderate,moderate,1
Mobile Phone,moderate,moderate,moderate,moderate,moderate,moderate,moderate,moderate,moderate,moderate,high,moderate,moderate,moderate,moderate,1
Mobile Phone Software,low,low,moderate,low,moderate,moderate,moderate,moderate,moderate,moderate,high,moderate,low,moderate,moderate,1
Mobile Tourist Planner,low,moderate,moderate,low,moderate,moderate,low,moderate,moderate,moderate,moderate,moderate,moderate,moderate,moderate,1
MobileApps Multiplatform,moderate,moderate,moderate,moderate,moderate,moderate,moderate,moderate,high,high,moderate,high,moderate,moderate,moderate,1
MobileMedia,low,low,moderate,low,moderate,moderate,low,moderate,moderate,moderate,moderate,moderate,moderate,moderate,moderate,1
MobileMedia_BrunoMartins,moderate,moderate,moderate,moderate,moderate,moderate,moderate,moderate,moderate,moderate,moderate,moderate,moderate,moderate,moderate,1
MobileMedia_Conejero,moderate,moderate,moderate,moderate,moderate,low,moderate,moderate,moderate,moderate,moderate,moderate,moderate,moderate,moderate,1
MobileMedia_MarinaMB,moderate,moderate,moderate,moderate,moderate,moderate,moderate,moderate,moderate,moderate,high,moderate,moderate,moderate,moderate,1
MobilePhone,moderate,moderate,moderate,moderate,moderate,moderate,moderate,moderate,moderate,moderate,high,moderate,moderate,moderate,moderate,1
MobiLine,moderate,moderate,moderate,moderate,moderate,moderate,moderate,moderate,moderate,moderate,high,low,moderate,moderate,moderate,1
modelo mobilemedia,moderate,moderate,moderate,moderate,moderate,moderate,moderate,moderate,moderate,moderate,high,moderate,low,moderate,moderate,1
Monitor_Engine_System,moderate,moderate,moderate,moderate,moderate,moderate,moderate,low,moderate,moderate,high,moderate,moderate,moderate,moderate,1
Movie System,moderate,moderate,moderate,low,moderate,moderate,low,moderate,moderate,moderate,moderate,low,moderate,moderate,moderate,1
MoviesApp PL,moderate,moderate,moderate,low,moderate,moderate,low,moderate,moderate,moderate,moderate,low,moderate,moderate,moderate,1
Multiplicador de n matrices,moderate,low,moderate,moderate,moderate,moderate,moderate,moderate,moderate,moderate,moderate,moderate,moderate,moderate,moderate,1
MyHolidays,moderate,moderate,moderate,moderate,moderate,moderate,moderate,moderate,moderate,moderate,moderate,moderate,moderate,moderate,moderate,1
Navigation Protocol,moderate,moderate,moderate,moderate,moderate,moderate,moderate,moderate,moderate,moderate,moderate,moderate,moderate,moderate,moderate,1
NCV_Simulation,moderate,moderate,moderate,low,moderate,moderate,low,moderate,moderate,moderate,moderate,low,moderate,moderate,moderate,1
NovoSiga,low,moderate,moderate,moderate,moderate,moderate,moderate,moderate,moderate,moderate,high,moderate,moderate,moderate,moderate,1
Observatorio,low,moderate,moderate,veryLow,high,moderate,veryLow,moderate,moderate,moderate,moderate,veryLow,low,moderate,moderate,1
Online Bookstore,moderate,moderate,moderate,moderate,moderate,moderate,moderate,moderate,moderate,moderate,high,moderate,moderate,moderate,moderate,1
Online Shop Feature Model,moderate,moderate,moderate,moderate,moderate,moderate,moderate,low,moderate,moderate,moderate,moderate,moderate,moderate,moderate,1
OnlineExamPL,moderate,moderate,moderate,moderate,moderate,moderate,moderate,moderate,moderate,moderate,high,moderate,low,moderate,moderate,1
Parking lot Manager,moderate,moderate,moderate,moderate,moderate,moderate,moderate,moderate,moderate,moderate,high,moderate,moderate,moderate,moderate,1
PhysEval,moderate,moderate,moderate,moderate,moderate,moderate,moderate,moderate,moderate,high,veryHigh,moderate,moderate,moderate,moderate,1
Pip,moderate,moderate,moderate,moderate,low,low,moderate,low,moderate,moderate,moderate,veryHigh,veryLow,moderate,moderate,1
Poker spl game,low,moderate,moderate,low,moderate,moderate,low,moderate,moderate,moderate,moderate,moderate,moderate,moderate,moderate,1
portafolioContreras,moderate,moderate,moderate,moderate,moderate,moderate,moderate,moderate,moderate,moderate,moderate,moderate,moderate,moderate,moderate,1
Prontuário Eletrônico de Pacientes,low,moderate,moderate,low,low,low,veryLow,moderate,moderate,moderate,moderate,moderate,low,moderate,moderate,1
prueba,moderate,moderate,moderate,moderate,moderate,moderate,moderate,moderate,moderate,moderate,high,moderate,moderate,moderate,moderate,1
pruebapalabras,moderate,moderate,moderate,moderate,moderate,moderate,moderate,moderate,moderate,moderate,moderate,low,moderate,moderate,moderate,1
Reference Management Softwares Feature Model,moderate,moderate,moderate,moderate,moderate,moderate,moderate,moderate,moderate,moderate,high,moderate,moderate,moderate,moderate,1
Reference Management Softwares Feature Model,moderate,moderate,moderate,moderate,moderate,moderate,moderate,moderate,moderate,veryHigh,high,moderate,moderate,moderate,moderate,1
Reservation,moderate,veryLow,veryLow,moderate,high,moderate,moderate,low,moderate,moderate,moderate,moderate,low,moderate,moderate,1
Respaldo de base de datos (Poda),moderate,high,moderate,moderate,moderate,low,moderate,low,moderate,moderate,moderate,high,low,moderate,moderate,1
RST Game,moderate,moderate,moderate,moderate,moderate,moderate,moderate,moderate,moderate,moderate,moderate,moderate,moderate,moderate,moderate,1
Sastm,moderate,moderate,moderate,moderate,moderate,moderate,moderate,moderate,moderate,veryHigh,moderate,moderate,moderate,high,moderate,1
Search_Engine_PL,moderate,low,moderate,moderate,moderate,moderate,moderate,moderate,moderate,moderate,high,moderate,moderate,moderate,moderate,1
SHIFT QAs,moderate,moderate,moderate,moderate,moderate,moderate,moderate,low,moderate,moderate,moderate,low,moderate,moderate,moderate,1
Siga,moderate,moderate,moderate,moderate,moderate,moderate,moderate,moderate,moderate,moderate,high,moderate,moderate,moderate,moderate,1
Simaldores de Engenharia de Software,moderate,moderate,moderate,moderate,moderate,moderate,moderate,moderate,moderate,moderate,moderate,moderate,moderate,moderate,moderate,1
Simple Drawing Tools,moderate,low,moderate,moderate,moderate,moderate,moderate,low,moderate,moderate,moderate,moderate,moderate,moderate,moderate,1
Simple e-shop,low,moderate,moderate,low,moderate,moderate,moderate,moderate,moderate,moderate,high,moderate,moderate,moderate,moderate,1
SimulesSPLBruno,moderate,moderate,moderate,moderate,moderate,low,moderate,moderate,moderate,moderate,moderate,moderate,low,moderate,moderate,1
Sisgeo,moderate,moderate,moderate,moderate,moderate,moderate,moderate,moderate,moderate,moderate,high,moderate,moderate,moderate,moderate,1
Smart Hotel,moderate,low,moderate,moderate,moderate,moderate,moderate,moderate,moderate,moderate,high,moderate,moderate,moderate,moderate,1
Smartwatch,moderate,moderate,moderate,moderate,moderate,moderate,moderate,moderate,moderate,moderate,moderate,moderate,moderate,moderate,moderate,1
SMS a Cobrar / Resposta paga,moderate,moderate,moderate,moderate,moderate,moderate,moderate,moderate,moderate,moderate,high,moderate,moderate,moderate,moderate,1
Software-Product,moderate,moderate,moderate,moderate,low,low,moderate,high,moderate,moderate,moderate,moderate,moderate,moderate,moderate,1
Software-Product,moderate,moderate,high,moderate,low,low,moderate,moderate,moderate,moderate,moderate,moderate,moderate,moderate,moderate,1
Stack PL,moderate,low,moderate,moderate,moderate,moderate,moderate,moderate,moderate,moderate,moderate,moderate,moderate,moderate,moderate,1
Student Attendance System,moderate,moderate,moderate,moderate,moderate,moderate,moderate,low,moderate,moderate,high,moderate,moderate,moderate,moderate,1
Tata Cars,moderate,moderate,moderate,moderate,moderate,moderate,moderate,moderate,moderate,moderate,moderate,moderate,moderate,moderate,moderate,1
Telecommunication System,moderate,moderate,moderate,low,moderate,moderate,low,moderate,moderate,moderate,high,veryLow,moderate,moderate,moderate,1
Telefonia Celular,low,low,moderate,low,moderate,moderate,moderate,moderate,moderate,moderate,high,moderate,moderate,moderate,moderate,1
Test Collaboration System,moderate,veryLow,moderate,moderate,moderate,moderate,moderate,moderate,moderate,moderate,high,moderate,moderate,moderate,moderate,1
Text Editor,moderate,moderate,moderate,low,moderate,moderate,low,moderate,moderate,moderate,high,moderate,low,moderate,moderate,1
Text_Editor,moderate,moderate,moderate,moderate,moderate,moderate,moderate,moderate,moderate,moderate,moderate,moderate,moderate,moderate,moderate,1
Tienda Virtual PUJ,moderate,moderate,moderate,moderate,moderate,moderate,moderate,high,moderate,moderate,moderate,moderate,moderate,moderate,moderate,1
TiendaEnLinea,moderate,moderate,moderate,moderate,moderate,moderate,moderate,high,moderate,moderate,high,high,moderate,moderate,moderate,1
TV Smart,moderate,moderate,moderate,moderate,moderate,moderate,moderate,moderate,moderate,moderate,high,moderate,moderate,moderate,moderate,1
TW SPL Hard Choices,moderate,moderate,moderate,moderate,low,low,moderate,moderate,moderate,moderate,moderate,high,low,moderate,moderate,1
U-learning System,moderate,moderate,moderate,moderate,moderate,moderate,moderate,high,moderate,moderate,moderate,moderate,moderate,moderate,moderate,1
Ubuntu,low,moderate,moderate,low,moderate,moderate,low,moderate,moderate,moderate,high,low,low,moderate,moderate,1
UPL,low,moderate,moderate,low,high,moderate,low,moderate,moderate,moderate,moderate,moderate,moderate,moderate,moderate,1
UPT TAM,moderate,moderate,moderate,moderate,moderate,moderate,moderate,moderate,moderate,moderate,moderate,low,moderate,moderate,moderate,1
User Model,moderate,moderate,moderate,moderate,moderate,moderate,moderate,moderate,moderate,moderate,veryHigh,moderate,moderate,moderate,moderate,1
Video On Demand FM,moderate,moderate,moderate,moderate,moderate,moderate,moderate,moderate,moderate,high,moderate,moderate,moderate,moderate,moderate,1
Virtual_Office_of_the_Future,moderate,moderate,moderate,moderate,moderate,moderate,moderate,moderate,moderate,moderate,moderate,moderate,moderate,moderate,moderate,1
Visual Data Graph,moderate,moderate,moderate,moderate,moderate,moderate,moderate,moderate,moderate,moderate,moderate,moderate,moderate,moderate,moderate,1
VMTools-RA,moderate,moderate,moderate,moderate,high,moderate,moderate,moderate,moderate,moderate,high,moderate,moderate,moderate,moderate,1
VOD feature model,low,moderate,moderate,moderate,low,low,moderate,moderate,moderate,moderate,veryHigh,moderate,moderate,moderate,moderate,1
VODPlayer,low,moderate,moderate,moderate,moderate,moderate,moderate,moderate,moderate,moderate,moderate,moderate,moderate,moderate,moderate,1
Voice Recording System,moderate,moderate,veryLow,moderate,moderate,low,moderate,moderate,moderate,moderate,moderate,moderate,moderate,moderate,moderate,1
Weather Station,low,low,moderate,low,moderate,moderate,moderate,moderate,moderate,moderate,high,low,moderate,moderate,moderate,1
Web Content Delivery,moderate,low,moderate,moderate,moderate,moderate,moderate,moderate,high,moderate,moderate,moderate,moderate,moderate,moderate,1
Web Game,moderate,moderate,moderate,moderate,moderate,moderate,moderate,moderate,moderate,moderate,moderate,low,moderate,moderate,moderate,1
Web_Portal,moderate,moderate,moderate,moderate,moderate,moderate,moderate,moderate,high,high,high,moderate,moderate,moderate,moderate,1
WebCollaboration,moderate,moderate,moderate,moderate,moderate,moderate,moderate,high,moderate,moderate,moderate,moderate,moderate,moderate,moderate,1
Webshop_SPLE2014_Chalmers,low,moderate,moderate,moderate,moderate,moderate,moderate,moderate,moderate,moderate,high,moderate,low,moderate,moderate,1
Windows .NET,moderate,moderate,high,moderate,moderate,moderate,moderate,moderate,moderate,moderate,moderate,moderate,moderate,moderate,moderate,1