WebKit overview,moderate,moderate,moderate,moderate,moderate,moderate,moderate,low,veryHigh,moderate,veryHigh,moderate,moderate,moderate,moderate,0
EC2,moderate,moderate,moderate,moderate,veryHigh,moderate,moderate,low,moderate,moderate,moderate,low,moderate,moderate,veryHigh,0
Connector PL,moderate,moderate,moderate,moderate,veryHigh,moderate,moderate,low,moderate,moderate,moderate,veryLow,moderate,moderate,high,0
Help System,moderate,moderate,moderate,moderate,moderate,moderate,moderate,low,moderate,high,high,moderate,moderate,moderate,high,0
Key_Word_In_Context_index_systems,moderate,moderate,moderate,moderate,moderate,moderate,moderate,moderate,high,moderate,moderate,moderate,moderate,moderate,high,0
e-foramation,moderate,moderate,moderate,moderate,veryHigh,moderate,moderate,low,moderate,moderate,moderate,low,moderate,moderate,high,0
ScrollingText,moderate,moderate,moderate,moderate,moderate,moderate,moderate,low,high,veryHigh,high,moderate,moderate,moderate,high,0
Sistema de Informes por movil,moderate,moderate,moderate,moderate,moderate,moderate,moderate,moderate,veryHigh,high,moderate,moderate,moderate,moderate,moderate,0
ScrollingText,moderate,moderate,moderate,moderate,moderate,moderate,moderate,low,veryHigh,high,moderate,moderate,moderate,moderate,high,0
Strategy Mobile Game,moderate,moderate,moderate,moderate,moderate,moderate,moderate,moderate,veryHigh,moderate,veryHigh,moderate,moderate,moderate,veryHigh,0
Experiment environment,moderate,low,moderate,moderate,moderate,moderate,veryHigh,low,veryHigh,veryHigh,veryHigh,moderate,moderate,high,moderate,0
Tankwar,moderate,moderate,moderate,moderate,moderate,moderate,moderate,moderate,moderate,moderate,moderate,moderate,moderate,moderate,high,0
Jogo de Tiros,moderate,high,veryHigh,moderate,moderate,moderate,high,moderate,veryHigh,moderate,veryHigh,moderate,moderate,moderate,high,0
Software Stack,moderate,low,moderate,moderate,veryHigh,veryHigh,moderate,low,veryHigh,high,veryHigh,moderate,moderate,moderate,veryHigh,0
Documentation_Generation,moderate,moderate,moderate,moderate,high,high,high,moderate,moderate,veryHigh,moderate,moderate,moderate,high,moderate,0
Thread,moderate,moderate,veryLow,moderate,veryHigh,moderate,moderate,moderate,moderate,moderate,moderate,moderate,moderate,moderate,veryHigh,0
"SPL SimulES, PnP",high,moderate,moderate,moderate,high,veryHigh,moderate,moderate,moderate,moderate,moderate,moderate,moderate,moderate,veryHigh,0
"SPL SimulES, PnP",high,high,moderate,high,moderate,veryHigh,moderate,moderate,moderate,moderate,moderate,moderate,moderate,moderate,veryHigh,0
E-science application,high,low,moderate,high,veryHigh,veryHigh,high,moderate,moderate,moderate,high,moderate,high,high,veryHigh,0
E-science application,high,low,moderate,high,veryHigh,veryHigh,high,moderate,moderate,moderate,moderate,moderate,high,high,veryHigh,0
USECASE_Test,veryHigh,moderate,moderate,veryHigh,moderate,veryHigh,veryHigh,moderate,high,moderate,high,moderate,moderate,moderate,veryHigh,0
ClassicShell,veryHigh,moderate,moderate,veryHigh,moderate,veryHigh,veryHigh,moderate,veryHigh,moderate,high,moderate,high,moderate,veryHigh,0
bCMS system,veryHigh,veryHigh,moderate,high,high,moderate,high,moderate,moderate,moderate,moderate,moderate,moderate,moderate,high,0
PhotoSahring,veryHigh,moderate,moderate,veryHigh,veryHigh,veryHigh,veryHigh,moderate,moderate,moderate,moderate,moderate,veryHigh,veryHigh,high,0
ModelTransformation,veryHigh,moderate,moderate,veryHigh,veryHigh,veryHigh,veryHigh,moderate,moderate,moderate,moderate,low,veryHigh,veryHigh,veryHigh,0
UP estructural,veryHigh,moderate,moderate,veryHigh,veryHigh,veryHigh,veryHigh,moderate,moderate,moderate,moderate,moderate,veryHigh,veryHigh,veryHigh,0
BankingSoftware,veryHigh,veryHigh,moderate,veryHigh,veryHigh,veryHigh,veryHigh,moderate,high,moderate,moderate,veryHigh,veryHigh,high,veryHigh,0
Hastane Randevu Sistemi,moderate,moderate,moderate,moderate,moderate,moderate,moderate,moderate,veryHigh,moderate,veryHigh,moderate,moderate,moderate,moderate,0
FIRE-ALARM,moderate,moderate,moderate,moderate,high,moderate,moderate,low,veryHigh,moderate,high,veryLow,moderate,moderate,moderate,0
Bike Shop,moderate,moderate,moderate,moderate,moderate,moderate,moderate,moderate,veryHigh,high,moderate,moderate,moderate,moderate,moderate,0
sftcam,moderate,moderate,veryHigh,moderate,moderate,moderate,moderate,moderate,veryHigh,moderate,high,moderate,moderate,moderate,high,0
SPLE robot assignment,moderate,moderate,moderate,moderate,moderate,moderate,moderate,low,high,high,moderate,low,moderate,moderate,high,0
HDD Seagate,moderate,moderate,moderate,moderate,moderate,moderate,moderate,low,veryHigh,moderate,moderate,moderate,moderate,moderate,high,0
SlotsAndModules,moderate,moderate,moderate,moderate,moderate,moderate,moderate,moderate,veryHigh,moderate,moderate,moderate,low,moderate,veryHigh,0
Automotive system - 705,moderate,moderate,moderate,moderate,high,moderate,moderate,moderate,veryHigh,moderate,moderate,moderate,moderate,moderate,veryHigh,0
Bike Computer Family,moderate,moderate,moderate,moderate,moderate,moderate,moderate,moderate,veryHigh,moderate,high,moderate,moderate,moderate,high,0
Robot Calibration,moderate,moderate,high,moderate,moderate,moderate,moderate,low,high,high,moderate,moderate,moderate,moderate,veryHigh,0
Text To Speech App,moderate,moderate,moderate,moderate,moderate,moderate,moderate,moderate,moderate,moderate,high,moderate,moderate,moderate,high,0
AmazonEC2,moderate,low,moderate,moderate,high,high,moderate,moderate,high,moderate,high,moderate,moderate,moderate,veryHigh,0
TrafficLight,moderate,moderate,veryHigh,moderate,moderate,high,moderate,low,high,veryHigh,moderate,moderate,moderate,moderate,veryHigh,0
Electronic Drum,moderate,moderate,moderate,moderate,moderate,veryHigh,moderate,low,moderate,moderate,moderate,moderate,moderate,moderate,veryHigh,0