Address Book,moderate,moderate,moderate,moderate,low,low,moderate,high,moderate,moderate,moderate,high,moderate,moderate,moderate,0
Agent Illustration System,moderate,high,veryHigh,moderate,moderate,moderate,moderate,moderate,moderate,moderate,moderate,moderate,moderate,moderate,moderate,0
Applications,moderate,moderate,moderate,moderate,veryHigh,moderate,moderate,moderate,moderate,moderate,veryHigh,veryLow,moderate,moderate,moderate,0
ATM Software,moderate,moderate,moderate,moderate,moderate,moderate,moderate,moderate,moderate,moderate,moderate,moderate,moderate,moderate,moderate,0
Autosoft,low,veryLow,moderate,low,moderate,low,veryLow,veryHigh,moderate,moderate,moderate,moderate,moderate,moderate,moderate,0
Basic Text Editor,moderate,moderate,moderate,moderate,low,low,moderate,moderate,moderate,moderate,moderate,high,moderate,moderate,moderate,0
Billing,veryHigh,moderate,veryHigh,veryHigh,moderate,moderate,veryHigh,high,moderate,veryHigh,moderate,veryHigh,veryHigh,moderate,moderate,0
blog-Gabriel-magister2014,moderate,moderate,moderate,moderate,moderate,moderate,moderate,moderate,moderate,moderate,veryHigh,moderate,moderate,moderate,moderate,0
body comfort system,moderate,moderate,moderate,moderate,moderate,moderate,moderate,moderate,moderate,high,moderate,moderate,moderate,moderate,moderate,0
Car PL,moderate,low,moderate,moderate,moderate,moderate,moderate,moderate,moderate,moderate,high,moderate,moderate,moderate,moderate,0
CCCMS,moderate,moderate,moderate,moderate,moderate,moderate,moderate,moderate,moderate,moderate,moderate,moderate,moderate,moderate,moderate,0
CFDP Library,moderate,veryLow,veryLow,moderate,moderate,moderate,moderate,high,moderate,high,high,moderate,moderate,moderate,moderate,0
Cruise Control,moderate,moderate,moderate,moderate,moderate,moderate,moderate,moderate,moderate,moderate,moderate,moderate,moderate,moderate,moderate,0
DelayBlockSemSpec,moderate,moderate,moderate,moderate,moderate,moderate,moderate,moderate,veryHigh,moderate,moderate,moderate,moderate,moderate,moderate,0
DelayBlockSemSpec,moderate,moderate,moderate,moderate,moderate,moderate,moderate,moderate,veryHigh,moderate,moderate,moderate,moderate,moderate,moderate,0
Devolution,moderate,moderate,moderate,moderate,veryHigh,moderate,moderate,moderate,moderate,moderate,moderate,moderate,moderate,moderate,moderate,0
Digital_Video_System,moderate,moderate,moderate,moderate,moderate,low,moderate,veryHigh,moderate,moderate,high,moderate,moderate,moderate,moderate,0
E-Learning,moderate,moderate,moderate,moderate,moderate,moderate,moderate,moderate,moderate,moderate,high,moderate,moderate,moderate,moderate,0
Eclipse Platform,moderate,veryLow,moderate,moderate,moderate,moderate,moderate,veryHigh,moderate,moderate,high,moderate,moderate,moderate,moderate,0
Editor de imagem,moderate,moderate,moderate,moderate,moderate,moderate,moderate,moderate,moderate,moderate,high,moderate,moderate,moderate,moderate,0
Entidades Urbanas,low,low,veryHigh,moderate,veryLow,low,moderate,veryHigh,moderate,moderate,moderate,veryHigh,moderate,moderate,moderate,0
FrameWorkProdemge,moderate,moderate,moderate,moderate,moderate,moderate,moderate,moderate,moderate,moderate,moderate,moderate,moderate,moderate,moderate,0
FrameWorkProdemge,veryHigh,moderate,moderate,veryHigh,high,moderate,veryHigh,veryHigh,moderate,moderate,moderate,high,veryHigh,moderate,moderate,0
GoPhone Inc,moderate,veryLow,moderate,moderate,moderate,low,moderate,veryHigh,moderate,moderate,moderate,moderate,moderate,moderate,moderate,0
Gophone messaging,moderate,moderate,moderate,moderate,high,moderate,moderate,moderate,moderate,moderate,high,moderate,moderate,moderate,moderate,0
GreenHouse_Control_and_Monitoring,moderate,moderate,moderate,moderate,moderate,low,moderate,high,moderate,moderate,high,moderate,moderate,moderate,moderate,0
GymManager,moderate,moderate,high,moderate,moderate,moderate,moderate,moderate,moderate,moderate,moderate,moderate,moderate,moderate,moderate,0
IDE4OCL,moderate,moderate,moderate,moderate,low,low,moderate,moderate,moderate,moderate,moderate,veryHigh,moderate,moderate,moderate,0
IDE4OCL,moderate,moderate,moderate,moderate,moderate,moderate,moderate,moderate,moderate,moderate,moderate,veryHigh,moderate,moderate,moderate,0
IntelligentTutoringSystem,moderate,moderate,moderate,moderate,moderate,moderate,moderate,moderate,moderate,moderate,high,moderate,moderate,moderate,moderate,0
Invio,moderate,moderate,moderate,moderate,moderate,moderate,moderate,moderate,moderate,moderate,moderate,moderate,moderate,moderate,moderate,0
JCS,moderate,low,moderate,moderate,moderate,moderate,moderate,moderate,moderate,moderate,moderate,moderate,moderate,moderate,moderate,0
Jogo de Engenharia de Software,moderate,moderate,moderate,moderate,moderate,moderate,moderate,moderate,moderate,moderate,veryHigh,moderate,moderate,moderate,moderate,0
Livraria Online,moderate,moderate,moderate,moderate,moderate,moderate,moderate,moderate,moderate,high,high,moderate,moderate,moderate,moderate,0
mac,moderate,low,veryHigh,moderate,veryHigh,moderate,moderate,high,moderate,moderate,moderate,moderate,moderate,moderate,high,0
Magister 2014-ROLOG,moderate,moderate,veryHigh,moderate,moderate,moderate,moderate,moderate,moderate,moderate,moderate,veryHigh,moderate,moderate,moderate,0
Marketplace para PYMES,moderate,high,moderate,moderate,low,low,moderate,moderate,moderate,moderate,moderate,moderate,moderate,moderate,moderate,0
MarketplaceMiso,moderate,high,moderate,moderate,low,low,moderate,moderate,moderate,moderate,moderate,veryHigh,moderate,moderate,moderate,0
Match Engine,low,moderate,moderate,moderate,moderate,moderate,moderate,moderate,moderate,moderate,moderate,moderate,moderate,moderate,moderate,0
Match football,low,moderate,moderate,moderate,low,low,moderate,moderate,moderate,moderate,moderate,veryHigh,moderate,moderate,moderate,0
MISO Uniandes 201411102,moderate,moderate,moderate,moderate,low,low,moderate,moderate,moderate,moderate,moderate,moderate,moderate,moderate,moderate,0
MLX,moderate,moderate,moderate,moderate,high,moderate,moderate,moderate,moderate,veryHigh,moderate,moderate,moderate,moderate,moderate,0
MobiCent,moderate,moderate,moderate,moderate,moderate,moderate,moderate,moderate,moderate,moderate,moderate,moderate,high,moderate,moderate,0
Mobile Applications Contents,moderate,moderate,moderate,moderate,moderate,moderate,moderate,high,moderate,moderate,moderate,high,moderate,moderate,moderate,0
Mobile Game,low,low,moderate,low,moderate,moderate,veryLow,moderate,moderate,moderate,moderate,moderate,moderate,moderate,moderate,0
Mobile Games,moderate,low,moderate,moderate,moderate,moderate,moderate,veryHigh,moderate,high,veryHigh,moderate,moderate,moderate,moderate,0
Mobile Guide,moderate,high,veryHigh,moderate,high,low,moderate,high,moderate,moderate,high,moderate,moderate,moderate,moderate,0
Mobile Media JULIO,moderate,moderate,moderate,moderate,moderate,moderate,moderate,moderate,moderate,moderate,high,moderate,moderate,moderate,moderate,0
Mobile Media_LeonardoSilva,moderate,moderate,moderate,moderate,moderate,moderate,moderate,moderate,moderate,moderate,high,moderate,moderate,moderate,moderate,0
MobileApps Multiplatform,moderate,moderate,moderate,moderate,moderate,moderate,moderate,moderate,high,high,moderate,high,moderate,moderate,moderate,0
MobileMedia,low,low,moderate,low,moderate,moderate,low,moderate,moderate,moderate,moderate,moderate,moderate,moderate,moderate,0
MobileMedia_MarinaMB,moderate,moderate,moderate,moderate,moderate,moderate,moderate,moderate,moderate,moderate,high,moderate,moderate,moderate,moderate,0
OPEN ERP,moderate,veryHigh,moderate,high,low,low,high,moderate,moderate,moderate,moderate,veryHigh,moderate,moderate,moderate,0
OW2-FraSCAti-1.4,high,high,moderate,veryHigh,moderate,moderate,high,high,moderate,moderate,moderate,high,high,moderate,moderate,0
Parking lot Manager,moderate,moderate,moderate,moderate,moderate,moderate,moderate,moderate,moderate,moderate,high,moderate,moderate,moderate,moderate,0
Phone,low,low,moderate,low,low,low,low,veryHigh,moderate,moderate,high,moderate,moderate,moderate,moderate,0
PhysEval,moderate,moderate,moderate,moderate,moderate,moderate,moderate,moderate,moderate,high,veryHigh,moderate,moderate,moderate,moderate,0
Poker spl game,low,moderate,moderate,low,moderate,moderate,low,moderate,moderate,moderate,moderate,moderate,moderate,moderate,moderate,0
Prontuário Eletrônico de Pacientes,low,moderate,moderate,low,low,low,veryLow,moderate,moderate,moderate,moderate,moderate,low,moderate,moderate,0
RaaS,moderate,low,veryHigh,moderate,moderate,moderate,moderate,high,moderate,moderate,moderate,veryHigh,high,moderate,moderate,0
Reference Management Softwares Feature Model,moderate,moderate,moderate,moderate,moderate,moderate,moderate,moderate,moderate,moderate,high,moderate,moderate,moderate,moderate,0
Search_Engine_PL,moderate,low,moderate,moderate,moderate,moderate,moderate,moderate,moderate,moderate,high,moderate,moderate,moderate,moderate,0
SEPFeatureModel,moderate,moderate,moderate,moderate,moderate,moderate,moderate,high,moderate,moderate,moderate,moderate,moderate,moderate,moderate,0
Simnumero,low,low,moderate,veryLow,veryHigh,low,veryLow,veryHigh,moderate,moderate,moderate,veryLow,low,moderate,moderate,0
Smart Hotel,moderate,low,moderate,moderate,moderate,moderate,moderate,moderate,moderate,moderate,high,moderate,moderate,moderate,moderate,0
Smart_Home,moderate,low,moderate,moderate,moderate,moderate,moderate,veryHigh,moderate,moderate,high,moderate,moderate,moderate,moderate,0
Smartwatch,moderate,moderate,moderate,moderate,moderate,moderate,moderate,moderate,moderate,moderate,moderate,moderate,moderate,moderate,moderate,0
SMS a Cobrar / Resposta paga,moderate,moderate,moderate,moderate,moderate,moderate,moderate,moderate,moderate,moderate,high,moderate,moderate,moderate,moderate,0
social network applications,moderate,moderate,high,moderate,moderate,moderate,moderate,moderate,moderate,veryHigh,high,moderate,moderate,moderate,moderate,0
Software-Product,moderate,moderate,moderate,moderate,low,low,moderate,high,moderate,moderate,moderate,moderate,moderate,moderate,moderate,0
Software-Product,moderate,moderate,high,moderate,low,low,moderate,moderate,moderate,moderate,moderate,moderate,moderate,moderate,moderate,0
Swap MArketplace,moderate,veryHigh,moderate,moderate,moderate,low,moderate,moderate,moderate,moderate,veryHigh,veryHigh,moderate,moderate,moderate,0
Telefonia Celular,low,low,moderate,low,moderate,moderate,moderate,moderate,moderate,moderate,high,moderate,moderate,moderate,moderate,0
Test Collaboration System,moderate,veryLow,moderate,moderate,moderate,moderate,moderate,moderate,moderate,moderate,high,moderate,moderate,moderate,moderate,0
Text_Editor,moderate,moderate,moderate,moderate,moderate,moderate,moderate,moderate,moderate,moderate,moderate,moderate,moderate,moderate,moderate,0
Tienda Virtual PUJ,moderate,moderate,moderate,moderate,moderate,moderate,moderate,high,moderate,moderate,moderate,moderate,moderate,moderate,moderate,0
TiendaEnLinea,moderate,moderate,moderate,moderate,moderate,moderate,moderate,high,moderate,moderate,high,high,moderate,moderate,moderate,0
Toko,moderate,moderate,moderate,moderate,moderate,moderate,moderate,moderate,moderate,moderate,high,moderate,moderate,moderate,moderate,0
tool analysis,moderate,low,high,moderate,moderate,moderate,moderate,moderate,moderate,moderate,moderate,low,moderate,high,moderate,0
Torrent Client,moderate,low,veryHigh,moderate,moderate,moderate,moderate,moderate,moderate,high,high,moderate,moderate,moderate,moderate,0
U-learning System,moderate,moderate,moderate,moderate,moderate,moderate,moderate,high,moderate,moderate,moderate,moderate,moderate,moderate,moderate,0
UML-IDE-TOOL,moderate,low,moderate,moderate,moderate,moderate,moderate,veryHigh,moderate,moderate,moderate,moderate,moderate,moderate,moderate,0
User Model,moderate,moderate,moderate,moderate,moderate,moderate,moderate,moderate,moderate,moderate,veryHigh,moderate,moderate,moderate,moderate,0
VacacionesSanmiguel,moderate,moderate,high,moderate,moderate,moderate,moderate,moderate,moderate,veryHigh,high,moderate,moderate,high,moderate,0
Video Player,high,moderate,moderate,moderate,moderate,high,moderate,moderate,moderate,moderate,high,moderate,high,veryHigh,moderate,0
Virtual_Office_of_the_Future,moderate,moderate,moderate,moderate,moderate,moderate,moderate,moderate,moderate,moderate,moderate,moderate,moderate,moderate,moderate,0
VMTools-RA,moderate,moderate,moderate,moderate,high,moderate,moderate,moderate,moderate,moderate,high,moderate,moderate,moderate,moderate,0
VOD feature model,low,moderate,moderate,moderate,low,low,moderate,moderate,moderate,moderate,veryHigh,moderate,moderate,moderate,moderate,0
VODPlayer,low,moderate,moderate,moderate,moderate,moderate,moderate,moderate,moderate,moderate,moderate,moderate,moderate,moderate,moderate,0
Web Game,moderate,moderate,moderate,moderate,moderate,moderate,moderate,moderate,moderate,moderate,moderate,low,moderate,moderate,moderate,0
Web_Portal,moderate,moderate,moderate,moderate,moderate,moderate,moderate,moderate,high,high,high,moderate,moderate,moderate,moderate,0
WebApp,low,low,moderate,low,moderate,low,low,veryHigh,moderate,moderate,moderate,moderate,moderate,moderate,moderate,0
WebCollaboration,moderate,moderate,moderate,moderate,moderate,moderate,moderate,high,moderate,moderate,moderate,moderate,moderate,moderate,moderate,0
WebCollaborativeApplication,moderate,moderate,veryHigh,moderate,moderate,moderate,moderate,veryHigh,moderate,moderate,moderate,high,moderate,moderate,moderate,0
Webshop,moderate,moderate,veryHigh,moderate,moderate,moderate,moderate,veryHigh,moderate,moderate,high,moderate,high,moderate,moderate,0
Windows .NET,moderate,moderate,high,moderate,moderate,moderate,moderate,moderate,moderate,moderate,moderate,moderate,moderate,moderate,moderate,0
Wireless sensor actuator network,moderate,moderate,moderate,moderate,moderate,moderate,moderate,veryHigh,moderate,moderate,moderate,moderate,veryHigh,moderate,moderate,0
xtext,veryHigh,veryHigh,veryHigh,veryHigh,veryHigh,low,veryHigh,veryHigh,moderate,moderate,high,high,veryHigh,moderate,moderate,0