Feature Model,Number of features (NF),Number of Mandatory Features (NM),Number of top features (NTop),Number of leaf Features (NLeaf),Depth of tree Max (DT Max),Cognitive Complexity of a Feature Model (CogC),Feature EXtendibility (FEX),Flexibility of configuration (FoC),Single Cyclic Dependent Features (SCDF),Multiple Cyclic Dependent Features (MCDF),Number of Features Referenced in Constraints Mean (Rden),Ratio of variability (RoV),Number of valid configurations (NVC),Number Groups Or (NGOr),Number Groups XOR (NGXOr)
Simple e-shop,10,3,4,7,3,2,9,0.1,1,1,1,2.2,20,1,1
Prontuário Eletrônico de Pacientes,10,5,4,6,2,0,6,0.4,0,0,0,2.25,10,0,0
Simnumero,10,2,2,2,8,0,2,0.7,0,0,0,1,8,0,0
MobileMedia,10,2,4,7,3,1,7,0.4,0,0,0,2.5,30,0,1
CIMS PL,10,9,5,8,2,0,8,0,0,0,0,4.5,1,0,0
Mobile Game,10,1,3,6,3,1,6,0.4,0,0,0,2,135,1,0
WebApp,10,1,4,7,3,0,7,0.8,0,0,0,3,160,0,0
eshop,10,3,4,6,3,2,8,0.2,1,1,1,1.833333333,9,1,1
Mobile Phone Software,10,2,4,7,3,2,10,0.2,2,1,1,2.2,14,1,1
Ubuntu,11,3,4,7,3,3,7,0.09090909091,0,0,1,1.857142857,12,0,3
UPL,11,3,2,7,6,2,7,0.1818181818,0,0,0,2,18,1,1
NovoSiga,11,3,6,8,5,2,9,0.2727272727,1,0,1,2.4,20,0,2
VODPlayer,11,3,6,8,3,1,8,0.4545454545,0,0,0,2.75,48,0,1
Loja Virtual,11,3,2,7,4,2,9,0.09090909091,0,2,1,2,56,2,0
VOD feature model,11,5,7,8,2,0,8,0.4545454545,0,0,1.333333333,3.333333333,32,0,0
Webshop_SPLE2014_Chalmers,11,5,6,8,3,2,10,0.09090909091,1,1,1,2.4,8,1,1
E-portal,11,5,4,8,4,1,8,0.2727272727,0,0,0,2.75,16,1,0
Mobile Media v3,11,9,2,7,3,0,7,0.09090909091,0,0,0,2.5,2,0,0
ETRobocon,11,3,2,8,3,1,8,0.2727272727,0,0,0,2.75,120,1,0
Multiplicador de n matrices,12,2,4,8,3,3,8,0.1666666667,0,0,0.5,2,18,0,3
IntelligentTutoringSystem,12,3,4,8,3,2,8,0.3333333333,0,0,1,2.166666667,84,2,0
E-commerce system1,12,9,2,8,3,0,8,0.1666666667,0,0,0,2.75,3,0,0
Text Editor,12,4,2,7,5,1,7,0.3333333333,0,0,1,2,11,0,1
Eshop-ufrj,12,3,4,8,3,3,8,0.08333333333,0,0,0,2,48,2,1
Address Book,12,4,5,9,2,0,9,0.5833333333,0,0,0,3.666666667,72,0,0
Magister 2014-ROLOG,13,4,10,11,3,1,11,0.4615384615,0,0,0,4.333333333,96,0,1
Alarm System,13,2,6,10,3,4,12,0.1538461538,1,1,1,2.285714286,42,2,2
Parking lot Manager,13,5,4,8,4,1,9,0.3846153846,1,0,1,2.166666667,16,0,1
NCV_Simulation,13,7,2,7,5,1,7,0.2307692308,0,0,0,1.857142857,18,1,0
Mobile Media,13,5,3,8,3,2,10,0.1538461538,1,1,1,2,24,1,1
MiniRPG,13,8,2,7,3,0,7,0.3076923077,0,0,0,2,16,0,0
CFDP Library,13,0,1,8,3,1,11,0.6153846154,0,3,1,2.166666667,319,1,0
Video On Demand FM,13,4,6,10,3,3,15,0.07692307692,2,3,0.75,2.5,16,2,1
Homepage based on wiki,13,5,2,8,4,2,8,0.2307692308,0,0,0,2,28,1,1
G10-music player,13,6,2,11,2,1,11,0,0,0,0,4.333333333,63,1,0
MoviesApp PL,13,4,4,7,4,3,7,0.1538461538,0,0,0,1.666666667,24,0,3
Mobile Media,14,8,3,8,3,2,8,0.1428571429,0,0,1,1.875,6,0,2
Virtual_Office_of_the_Future,14,6,3,8,5,1,8,0.3571428571,0,0,0,2,48,0,1
Search_Engine_PL,14,2,4,10,4,2,11,0.3571428571,1,0,1,2.5,126,1,1
Mobile Media JULIO,14,6,3,9,3,1,10,0.4285714286,1,0,1,2.333333333,24,0,1
UML-IDE-TOOL,14,2,3,11,4,1,11,0.6428571429,0,0,0,3.5,1536,1,0
SHIFT QAs,14,4,2,8,5,4,8,0,0,0,0,1.7,24,1,3
Pip,14,13,8,12,2,0,12,0,0,0,0,6.5,1,0,0
pruebapalabras,14,4,3,8,4,3,8,0.07142857143,0,0,0,1.777777778,72,2,1
Buzzard Radio play DB,14,2,8,12,4,4,14,0.2142857143,0,2,1,2.833333333,448,4,0
Mobile media v4,14,11,2,9,3,0,9,0.1428571429,0,0,0,2.6,4,0,0
IDE4OCL,14,7,7,12,2,0,12,0.4285714286,0,0,0,6.5,64,0,0
PhysEval,14,6,6,11,3,1,14,0.2857142857,0,3,2,3.5,54,1,0
AGORA,14,4,3,8,4,3,8,0.2142857143,0,0,0,1.777777778,120,3,0
Car PL,14,2,4,9,4,2,10,0.4285714286,1,0,1,2.142857143,88,0,2
User Model,14,3,7,11,3,2,13,0.2857142857,2,0,1.5,3,144,1,1
Web Content Delivery,15,1,5,10,5,4,17,0.2666666667,5,2,0.8333333333,2,23,1,3
UPT TAM,15,5,2,8,5,4,8,0.06666666667,0,0,0,1.636363636,40,2,2
MobileMedia_MarinaMB,15,7,3,9,3,1,10,0.4,1,0,1,2.142857143,24,0,1
Mobile media v5,15,11,2,10,3,0,10,0.2,0,0,0,2.8,8,0,0
Flight Reservations,15,5,4,10,5,4,12,0,0,2,1,2,126,4,0
Software-Product,15,6,6,9,2,0,9,0.5333333333,0,0,0,2.333333333,256,0,0
e-commerce,15,4,4,11,4,2,11,0.2,0,0,0,2.666666667,213,1,1
Cars xpto,15,4,2,8,5,4,8,0.1333333333,0,0,0,1.636363636,72,2,2
Mobile Media,16,6,3,10,3,2,10,0.25,0,0,0,2.125,140,1,1
modelo mobilemedia,16,10,3,10,3,1,11,0.1875,1,0,1,2.285714286,12,0,1
GoPhone Inc,16,0,5,10,3,0,10,0.9375,0,0,0,2.5,3150,0,0
MobileMedia_BrunoMartins,16,6,3,10,3,2,10,0.25,0,0,0,2.125,140,1,1
Simaldores de Engenharia de Software,16,4,6,11,3,4,11,0.125,0,0,0,2.111111111,96,0,4
Sisgeo,16,3,3,12,4,2,14,0.125,0,2,1,2.833333333,1337,2,0
Mobile Media_LeonardoSilva,16,7,3,10,3,1,10,0.375,0,0,1,2.285714286,48,0,1
Test Collaboration System,16,0,5,11,3,4,12,0.4375,0,1,1,2.111111111,936,3,1
Mobile Games,16,1,6,9,3,1,13,0.625,0,4,15,2,3645,1,0
Middle Office,16,14,5,10,3,0,10,0.0625,0,0,0,2.5,2,0,0
Mobile Media Adriano Lages,17,5,3,11,3,2,11,0.2941176471,0,0,0,2.25,420,1,1
Mobile Media until relase 7,17,9,3,12,3,1,12,0.2352941176,0,0,0,2.833333333,112,1,0
LscSpecSemantics,17,5,4,10,4,5,10,0.05882352941,0,0,0,1.75,40,0,5
SMS a Cobrar / Resposta paga,17,8,8,12,3,1,12,0.4117647059,0,0,1,2.833333333,96,1,0
MISO Uniandes 201411102,17,8,4,12,2,0,12,0.4705882353,0,0,0,3.2,120,0,0
SIGA-lctf-fta,17,7,8,12,5,3,12,0.1176470588,0,0,0,2.375,196,3,0
AudioPlayer,17,9,3,12,4,1,12,0.2941176471,0,0,0,2.833333333,96,1,0
Stack PL,17,2,5,11,4,4,11,0.2352941176,0,0,0,2,432,1,3
Gsist,17,8,8,13,3,3,13,0.05882352941,0,0,0,2.714285714,84,2,1
Basic Text Editor,17,9,6,13,2,0,13,0.4117647059,0,0,0,4,96,0,0
Editor de imagem,18,5,5,14,3,2,15,0.3333333333,1,0,1,3.166666667,464,1,1
Car Software System,18,7,2,12,5,3,12,0.1666666667,0,0,1,2.222222222,70,2,1
Text_Editor,18,6,2,10,4,1,10,0.4444444444,0,0,0,2,396,0,1
OnlineExamPL,18,12,5,11,5,1,11,0.1666666667,0,0,1,2.25,10,1,0
Mobile media v6,18,13,2,12,3,0,12,0.2222222222,0,0,0,2.833333333,16,0,0
IDE4OCL,18,7,7,15,4,1,15,0.3888888889,0,0,0,4.5,896,1,0
WebKit overview,19,4,3,13,4,4,23,0.05263157895,10,0,1.833333333,2.2,87,0,4
Software-Product,19,9,9,12,2,0,12,0.4736842105,0,0,0,2.571428571,512,0,0
RST Game,19,3,5,13,3,5,13,0.1052631579,0,0,0,2.090909091,1440,2,3
Toko,19,6,5,11,4,0,11,0.6315789474,0,0,0,2.25,1600,0,0
Siga,19,4,3,12,4,4,16,0.1578947368,2,2,1,2,192,2,2
ISA11/12_pgr,19,5,6,13,3,4,20,0.1578947368,6,1,1,2.2,72,1,3
SimulesSPLBruno,19,15,4,13,3,0,13,0.1578947368,0,0,0,3,8,0,0
Mobile Phone,20,9,4,13,4,2,13,0.3,0,0,1,2.333333333,162,1,1
EC2,20,3,3,12,7,7,12,0,0,0,0,1.733333333,32,0,7
Connector PL,20,4,2,10,9,7,10,0.05,0,0,0,1.529411765,18,1,6
Jogo de Engenharia de Software,20,5,6,16,4,3,17,0.35,1,0,1.5,3.142857143,896,1,2
Respaldo de base de datos (Poda),20,18,3,15,3,0,15,0.05,0,0,0,3.8,2,0,0
Monitor Engine,20,10,2,13,4,7,13,0.1,0,0,0,1.857142857,4,2,5
FAME-DBMS,21,6,4,13,6,5,13,0.1904761905,0,0,0,1.923076923,320,0,5
StoreFrontSystem,22,8,7,15,6,4,15,0.1818181818,0,0,0,2.272727273,1216,4,0
Mobile Applications Contents,22,5,4,17,3,1,17,0.5,0,0,0,3.666666667,5280,0,1
JCalc_LPS,22,5,7,17,3,3,17,0.2727272727,0,0,0,3,1152,0,3
DelayBlockSemSpec,23,8,7,16,3,1,23,0.3043478261,7,0,0.25,2.875,41,0,1
VOTE4ME Serveur,23,5,5,15,7,7,15,0,0,0,0,1.933333333,810,4,3
FrameWorkProdemge,23,9,2,17,4,1,17,0.4782608696,0,0,0,3.285714286,528,0,1
portafolioContreras,22,6,5,15,4,4,15,0.2272727273,0,0,0,2.272727273,1536,2,2
Mobile Media v7,23,15,3,14,4,1,14,0.2173913043,0,0,0,2.3,80,1,0
E-Learning,24,5,4,17,4,4,18,0.3333333333,0,1,1,2.454545455,10240,3,1
B2B Website,24,18,3,18,4,0,18,0.2083333333,0,0,0,3.833333333,32,0,0
Invio,24,4,4,17,5,4,18,0.3333333333,0,1,0.5,2.454545455,23520,3,1
TiendaEnLinea,24,5,8,20,3,2,20,0.5,0,0,1,4.166666667,15872,1,1
agis,24,7,6,16,5,4,20,0.2916666667,3,1,0.75,2.25,354,1,3
Counter Strike Simple Feature Model,24,4,3,17,4,5,20,0.125,0,3,1.5,2.333333333,18176,5,0
GMF_Eclipse_Reuso_UFRJ,25,23,6,18,2,0,18,0.04,0,0,0,3.428571429,2,0,0
Help System,25,6,6,17,5,7,20,0,0,3,1,2.066666667,1008,1,6
MobilePhone,25,8,4,17,4,4,17,0.24,0,0,1,2.333333333,3528,4,0
Lucas - pnp,25,8,11,19,3,5,25,0.12,4,2,1,2.636363636,4032,3,2
eventos2,25,4,7,18,3,6,18,0.12,0,0,0,2.307692308,10584,2,4
Key_Word_In_Context_index_systems,25,8,4,16,4,6,19,0.08,3,0,0.6666666667,2,240,1,5
MobileMedia_Conejero,25,16,3,15,3,0,15,0.32,0,0,0,2.4,256,0,0
VacacionesSanmiguel,25,3,9,18,4,5,24,0.28,0,6,1,2.416666667,28764,5,0
Online Bookstore,25,6,3,16,5,6,18,0.12,0,2,1,2,3168,3,3
Assistencia domiciliar,25,6,7,16,4,7,18,0.12,0,2,1,1.9375,5796,7,0
prueba,26,9,5,18,4,3,20,0.2692307692,2,0,1,2.545454545,720,0,3
Mobile Media v8,26,16,3,16,4,1,16,0.2307692308,0,0,0,2.363636364,272,1,0
e-foramation,26,6,3,15,8,8,15,0.03846153846,0,0,0,1.736842105,1260,3,5
Digital_Video_System,26,7,6,16,3,0,16,0.6923076923,0,0,1,2.5,22680,0,0
ScrollingText,27,7,7,19,3,7,30,0,4,7,1,2.2,1440,2,5
body comfort system,27,6,3,17,4,2,21,0.4444444444,1,3,0.8333333333,2.333333333,11616,1,1
Sistema de Informes por movil,28,6,8,21,3,6,35,0.07142857143,10,4,0.6315789474,2.538461538,534,2,4
deepak_fm,28,17,5,22,3,1,22,0.2857142857,0,0,0,4,512,0,1
Smart_Home,28,2,6,19,4,2,19,0.6785714286,0,0,1,2.636363636,182280,1,1
ATM Software,29,7,3,23,4,3,23,0.4137931034,0,0,0,3.444444444,43008,1,2
Torrent Client,29,2,12,21,3,6,25,0.3793103448,1,3,1,2.428571429,147456,3,3
ScrollingText,29,9,7,19,4,7,30,0,8,3,0.8333333333,2.058823529,192,1,6
Eclipse Platform,29,0,4,20,5,3,20,0.6896551724,0,0,1,2.583333333,983150,3,0
MobileApps Multiplatform,29,5,3,23,4,2,30,0.4137931034,3,4,0.5,3.75,355688,1,1
blog-Gabriel-magister2014,29,8,8,20,4,5,21,0.275862069,1,0,2.333333333,2.357142857,10356,2,3
Sastm,30,5,4,20,5,7,28,0.1666666667,0,8,0.8333333333,2.117647059,78240,7,0
Graph,30,16,1,19,6,3,19,0.2333333333,0,0,0.75,2.285714286,192,0,3
DeReTiYo,31,11,8,23,4,5,23,0.1612903226,0,0,0,2.692307692,11520,2,3
Reference Management Softwares Feature Model,31,6,4,23,4,4,34,0.3225806452,1,10,1,2.833333333,87480,3,1
Reference Management Softwares Feature Model,31,7,4,23,4,4,24,0.2903225806,1,0,1,2.833333333,245760,3,1
GreenHouse_Control_and_Monitoring,31,15,2,21,4,0,21,0.4838709677,0,0,1,3,3712,0,0
tool analysis,31,1,9,19,5,8,19,0.3548387097,0,0,0,1.9,184320,5,3
RaaS,32,2,19,28,3,3,28,0.53125,0,0,0,4.857142857,125829120,3,0
Devolution,32,10,7,20,7,4,20,0.375,0,0,0,2.1875,34632,3,1
TreeStemDeformationMeshingTool,32,6,7,21,5,10,25,0.03125,0,4,1,1.952380952,157584,10,0
Premium1Nemocon,32,4,8,21,5,10,21,0.125,0,0,0,1.952380952,1128960,7,3
Pricing,33,4,5,25,5,7,25,0.0303030303,0,0,0,2.6,673785,5,2
Physiological computing feature model,33,9,6,22,5,7,22,0.1212121212,0,0,1,2.166666667,24180,2,5
SEPFeatureModel,33,10,7,21,4,2,21,0.6060606061,0,0,0,2.428571429,52500,0,2
Strategy Mobile Game,33,6,6,22,5,8,30,0.15,6,2,1.5,2.11,9198,1,7
SPL-Doctor Chat,34,5,9,24,4,7,24,0.21,0,0,0,2.35,2752512,6,1
Applications,34,16,3,10,7,2,10,0.44,0,0,2,1.35,1944,2,0
Experiment environment,35,1,2,29,4,6,57,0,9,19,1.35,3.33,2326875,5,1
Video CMS,36,9,9,28,5,8,28,0.19,0,0,0,2.69,378000,6,2
Tankwar,36,7,7,25,4,8,25,0.19,0,0,0,2.26,580608,2,6
Jogo de Tiros,37,18,12,25,4,6,40,0.08,13,2,36,2.33,1296,1,5
MLX,37,8,2,26,6,4,32,0.46,1,5,0.4,2.67,142970,1,3
Software Stack,37,1,2,25,8,11,37,0.05,9,3,1.333333333,2.04,17073,3,8
B2B Website,37,23,3,29,4,2,29,0.14,0,0,1,3.8,7200,2,0
Meshing Tool Generator,40,6,12,28,3,11,37,0.2,4,5,0.4117647059,2.17,294912,5,6
WebCollaboration,40,9,2,29,4,2,29,0.53,0,0,0,3.15,44236800,2,0
Assess4me,40,19,4,24,6,5,24,0.2,0,0,0,2.1,6144,1,4
Database Tool,40,6,10,32,3,7,32,0.18,0,0,0,3.07,104119680,5,2
WebCollaborativeApplication,40,8,16,32,4,2,32,0.63,0,0,0,4.1,35251200,1,1
FM ERP-SPL,42,23,5,29,4,3,31,0.24,0,2,1,2.75,4320,3,0
Tree Stem Deformation Simulator,43,13,9,28,5,10,33,0.05,0,5,0.6,2.08,1202985,10,0
Mobile Media 2,43,12,15,32,5,7,34,0.23,0,2,0.67,2.72,2128896,4,3
Web_Portal,43,8,5,28,5,6,35,0.4,4,3,1,2.29,2120800,3,3
Adempiere,43,36,3,32,4,0,32,0.14,0,0,0,3.82,64,0,0
Documentation_Generation,44,7,3,32,6,9,43,0.07,1,10,0.75,2.48,55681560,5,4
E-commerce,44,32,7,32,4,1,33,0.16,1,0,1,3.38,320,0,1
Thread,44,11,1,26,13,7,26,0.34,0,0,0,2,80658,0,7
Java EE 6 - Camilo Fierro,45,0,11,33,5,11,33,0.24,0,0,0.67,2.39,1046937600,7,4
Sistem Informasi Rumah Sakit MIK,45,3,8,34,5,12,34,0.07,0,0,0,2.43,6602803200,11,1
Webshop,46,10,10,34,3,2,37,0.63,2,1,1.33,3.36,8153726976,1,1
PGE-FeatureModel_V1,48,8,13,35,5,12,35,0.1,0,0,0,2.36,829543680,7,5
Toko,48,15,7,32,5,7,33,0.27,0,1,1,2.35,2970240,4,3
Toko,49,17,7,32,5,9,32,0.14,0,0,1,2.19,9031680,8,1
NOVASOFT,49,48,3,45,2,0,45,0,0,0,0,12,1,0,0
OPEN ERP,49,35,2,46,2,0,46,0.27,0,0,0,16,8192,0,0
Mobile Guide,51,20,12,29,6,0,29,0.59,0,0,1.22,2.27,33838080,0,0
E-commerce system,53,44,7,35,8,4,35,0.06,0,0,0,2.55,18,1,3
"SPL SimulES, PnP",53,14,3,35,6,11,35,0.23,0,0,0,2.17,97327104,3,8
Video Player,53,14,6,33,5,9,33,0.32,0,0,1,2.1,844462080,9,0
MayaVariabilityModel,54,36,9,45,4,4,45,0.09,0,0,1,4.38,5544,2,2
e-banking-IN0980,55,3,9,41,5,11,44,0.15,3,0,0.6666666667,2.6,517027266560,9,2
Toko,56,18,9,37,5,10,37,0.2,0,0,1,2.24,232243200,9,1
e-commerce,56,5,11,42,5,12,47,0.13,1,4,0.8,2.58,824854609920,11,1
MayaModel,57,31,8,38,5,7,39,0.16,1,0,1,2.423076923,206976,4,3
FM ERP-SPL,57,28,6,37,6,6,39,0.25,0,2,1,2.384615385,1292544,6,0
Plone Meeting,57,13,7,41,4,9,41,0.23,0,0,0,2.6,8776581120,5,4
"SPL SimulES, PnP",59,18,3,38,5,14,38,0.14,0,0,0,2.057142857,41140224,1,13
E-science application,61,1,3,43,8,16,46,0.11,1,2,1,2.235294118,471859220,5,11
Arcade Game PL Feature Model,61,18,2,47,8,9,80,0.08,0,33,0.088,3,3299733576,9,0
E-science application,61,1,3,43,8,16,43,0.1147540984,0,0,0,2.235294118,754974740,5,11
Equipo 6 - Uniandes - MP,62,43,7,49,4,2,49,0.2096774194,0,0,0,4.2,18624,0,2
Toko,63,19,9,43,5,11,43,0.2222222222,0,0,1,2.35483871,6531840000,10,1
OW2-FraSCAti-1.4,63,18,8,48,5,2,48,0.619047619,0,0,0.3695652174,3.764705882,1684077600,0,2
USECASE_Test,64,3,7,52,5,11,56,0.0625,3,1,1,3.217391304,2795520,3,8
ClassicShell,65,3,4,48,4,14,56,0.2461538462,8,0,1,2.516129032,359251200,0,14
bCMS system,66,33,2,44,6,8,44,0.1818181818,0,0,0.5,2.433333333,552960,2,6
DATABASE_TOOLS,70,3,15,60,3,7,66,0.2857142857,5,1,2.5,4.470588235,9.84E+16,6,1
Video Player,71,23,6,53,5,5,53,0.1690140845,0,0,0,3.260869565,45006498800640,5,0
Reuso - UFRJ - Eclipse1,72,17,7,47,5,7,49,0.5555555556,2,0,1,2.4375,22552880544,0,7
Toko,72,20,9,49,5,14,49,0.1944444444,0,0,1,2.297297297,408240000000,13,1
PhotoSahring,76,14,4,49,8,21,49,0.06578947368,0,0,0,2,5735478067200,16,5
J2EE web architecture,77,27,17,46,5,11,46,0.3506493506,0,0,0,2.071428571,18139852800,4,7
Webmail,81,32,8,55,6,7,55,0.3580246914,0,0,0,2.636363636,449273018880,7,0
FrameWorkProdemge,87,6,2,67,6,1,67,0.8965517241,0,0,0,4.142857143,152539358336,0,1
ModelTransformation,88,17,8,55,9,25,55,0.125,0,0,0,1.931034483,16554170880000,14,11
Billing,88,11,11,74,4,2,102,0.5113636364,0,28,0.6101694915,5.5625,3865470566400,1,1
UP estructural,97,16,2,65,13,24,66,0.2783505155,1,0,0.5,2.142857143,14808569610240,9,15
xtext,137,41,13,102,7,0,102,0.6934306569,0,0,1,3.885714286,1.31E+23,0,0
BankingSoftware,176,46,3,148,7,16,152,0.4375,4,0,0.25,4.340909091,5.26E+31,6,10
Electronic Shopping,290,75,2,194,12,40,209,0.2827586207,0,15,0.9047619048,2.419117647,4.52E+49,40,0
Maquina de Café,10,2,4,7,3,2,7,0.2,0,0,0,2.2,36,1,1
Minimalistc PC,10,4,4,7,3,2,11,0.1,4,0,1,2.2,4,0,2
Hybrid Car,10,1,1,8,3,1,8,0,0,0,0,3.333333333,255,1,0
Autosoft,10,0,2,6,3,0,6,0.9,0,0,0,2.25,122,0,0
Telefonia Celular,10,1,5,7,3,2,8,0.4,1,0,1,2.2,36,1,1
Match Engine,10,3,7,8,3,2,8,0.4,0,0,0,2.75,16,1,1
Dental Surgery,10,5,6,8,3,3,8,0.1,0,0,0,2.4,2,0,3
Avion,10,4,5,7,3,2,7,0.1,0,0,0,2.2,12,2,0
AllSports Feature Model,10,2,4,7,3,2,9,0.2,0,2,1,2.2,24,2,0
Mobile Tourist Planner,10,3,4,7,3,2,7,0.1,0,0,0,2.2,28,1,1
Phone,10,2,4,7,2,0,7,0.7,0,0,1,3,46,0,0
Drupal sawsen,10,3,4,5,5,3,6,0.3,0,1,1,1.5,8,1,2
LXEP Series,10,8,2,7,2,0,7,0.1,0,0,0,3,2,0,0
Cellphone,11,2,3,7,3,3,11,0.09090909091,3,1,1,1.857142857,14,1,2
Poker spl game,11,3,4,7,3,1,7,0.3636363636,0,0,0,2.2,21,0,1
Observatorio,11,5,2,4,6,2,4,0.2727272727,0,0,0,1.333333333,8,2,0
ESCA Embeeded System,11,3,1,7,4,2,7,0,0,0,0,2,10,0,2
Entidades Urbanas,11,1,10,10,1,0,10,0.8181818182,0,0,0,10,512,0,0
Match football,11,6,6,9,2,0,9,0.3636363636,0,0,0,5,16,0,0
Handling System,11,0,4,6,8,10,6,0,0,0,0,1.333333333,1,9,1
Assistente de Compras,11,4,4,6,4,2,6,0.1818181818,0,0,0,1.714285714,24,1,1
Weather Station,11,2,3,7,3,3,9,0.09090909091,0,2,1,1.857142857,44,2,1
Telecommunication System,12,3,3,6,4,2,7,0.25,1,0,1,1.625,18,0,2
Online Shop Feature Model,12,3,3,8,3,3,8,0,0,0,0,2,42,1,2
TW SPL Hard Choices,12,9,2,9,2,0,9,0.1666666667,0,0,0,3.666666667,4,0,0
Buscame,12,3,3,8,3,3,8,0,0,0,0,2,18,0,3
Jogo,12,10,1,8,3,0,8,0.08333333333,0,0,1,2.75,2,0,0
Reservation,12,0,1,9,6,3,9,0,0,0,0,2.333333333,9,0,3
CCCMS,12,3,6,9,3,1,9,0.3333333333,0,0,0,3,240,1,0
Dummy Car,12,4,5,9,3,3,9,0,0,0,0,2.333333333,9,0,3
JCS,12,1,6,9,3,2,11,0.4166666667,0,2,0.6666666667,2.6,96,1,1
Congress Assistant,12,2,4,8,5,3,8,0.1666666667,0,0,0,2,48,1,2
Smart Queue,13,4,6,9,5,6,9,0.1538461538,0,0,0,1.8,4,0,6
Movie System,13,4,4,7,4,3,7,0.1538461538,0,0,0,1.666666667,24,0,3
MyHolidays,13,3,5,9,3,3,9,0.1538461538,0,0,0,2.142857143,112,1,2
Tata Cars,13,5,4,8,3,2,8,0.1538461538,0,0,0,2,24,1,1
Smart Hotel,13,1,5,9,4,2,9,0.4615384615,0,0,1,2.333333333,102,1,1
MarketPlace-Sample,13,10,4,10,2,0,10,0.1538461538,0,0,0,4,3,0,0
Windows .NET,13,6,9,11,3,2,11,0.3076923077,0,0,0,3.5,16,2,0
Smartwatch,14,4,2,10,4,3,10,0.4285714286,0,0,0,2.285714286,64,0,3
MiniTV,14,5,4,11,2,1,11,0.2142857143,0,0,0,3.5,248,1,0
Simple Drawing Tools,14,2,2,11,3,2,11,0,0,0,0,3,1905,2,0
TV Smart,14,4,5,9,5,3,10,0.2142857143,1,0,1,2,28,0,3
Flight Reservations,15,5,4,10,5,4,12,0,0,2,1,2,126,4,0
Urna eletronica,15,5,3,11,4,4,11,0,0,0,0,2.25,6,0,4
Audio Player,15,9,2,9,4,1,9,0.2,0,0,0,2.142857143,12,0,1
iNavBasic,15,12,6,7,3,0,7,0.1333333333,0,0,0,1.75,4,0,0
VMS,15,3,9,12,4,6,12,0.2,0,0,0,2.222222222,44,4,2
Navigation Protocol,16,7,6,11,4,3,11,0.0625,0,0,0,2.25,56,2,1
Web Game,16,6,6,9,3,2,9,0.3125,0,0,0.5,1.888888889,60,2,0
MobiLine,17,8,4,9,5,2,11,0.1764705882,0,2,1,1.8,112,2,0
GuideAgent,17,11,4,12,3,2,17,0,0,5,0.6666666667,2.571428571,11,2,0
Graph Product Line,17,2,4,12,3,4,22,0.1176470588,4,6,0.4615384615,2.222222222,79,1,3
Tienda Virtual PUJ,17,4,3,13,4,1,13,0.5294117647,0,0,0,3.4,816,0,1
Monitor_Engine_System,17,10,2,11,4,2,12,0.05882352941,0,1,1,2.25,28,1,1
SmartPhone Device,17,4,7,12,3,4,17,0.1764705882,5,0,2.5,2.222222222,192,0,4
Hastane Randevu Sistemi,17,4,6,12,3,4,22,0.1176470588,8,2,16,2.222222222,216,1,3
Amazon web services,18,1,1,13,5,4,13,0,0,0,0,2.333333333,8191,4,0
IRIS,18,4,6,13,4,4,20,0.1666666667,2,5,1.333333333,2.333333333,2352,3,1
Visual Data Graph,18,4,5,13,3,3,13,0.2222222222,0,0,0,2.5,1792,2,1
FIRE-ALARM,19,4,2,10,6,7,16,0,6,0,1,1.5625,18,4,3
Cruise Control,19,4,4,14,3,2,16,0.4210526316,0,2,0.6,2.857142857,776,2,0
Voice Recording System,20,13,1,14,3,0,14,0.3,0,0,0,3.166666667,64,0,0
Bike Shop,21,3,5,15,5,5,27,0.09523809524,9,3,0.8181818182,2.272727273,70,1,4
Card Payment Terminal,21,4,4,14,5,5,20,0.09523809524,0,6,1,2.083333333,4774,5,0
Game Entity Model,21,5,3,14,4,3,14,0.3333333333,0,0,0,2.3,513,0,3
GymManager,22,9,9,15,4,2,15,0.3636363636,0,0,0,2.555555556,540,1,1
sftcam,23,6,10,17,3,5,26,0.1739130435,9,0,1.2,2.454545455,198,0,5
Student Attendance System,23,5,5,17,3,5,21,0,2,2,1,2.454545455,15210,3,2
SPLE robot assignment,23,7,5,14,5,7,20,0,3,3,0.4285714286,1.8125,120,2,5
DelayBlockSemSpec,23,8,7,16,3,1,23,0.3043478261,7,0,0.25,2.875,41,0,1
U-learning System,24,3,4,16,5,3,16,0.5,0,0,0.5,2.363636364,59584,3,0
Configurable Tank,24,9,3,14,4,6,16,0.08333333333,2,0,1,1.8125,108,1,5
Ligne des sites Web,25,7,3,16,5,4,21,0.28,3,2,0.75,2.153846154,181,2,2
Heroku,26,3,5,18,4,6,18,0.1538461538,0,0,0,2.214285714,1400,0,6
HelpSystem_2,26,9,7,18,3,6,21,0,0,3,0.5714285714,2.214285714,96,1,5
MasterSoft: Verkauf,26,14,2,14,6,2,14,0.2692307692,0,0,0,1.928571429,384,0,2
HDD Seagate,27,5,6,20,3,6,36,0.03703703704,16,0,0.4117647059,2.461538462,560,1,5
WindFarm,27,15,5,19,5,4,19,0.03703703704,0,0,0,2.5,72,0,4
Livraria Online,28,6,6,22,4,3,27,0.4285714286,2,3,1,3.333333333,58080,2,1
SlotsAndModules,28,5,2,18,4,7,36,0.1428571429,18,0,0.56,2,6,0,7
VR application,29,9,8,19,4,5,22,0.2068965517,2,1,1,2.2,3276,2,3
SWAMP Platform,29,18,9,20,4,3,20,0.1379310345,0,0,0,2.583333333,360,3,0
Gophone messaging,29,13,7,20,6,2,20,0.3103448276,0,0,1,2.727272727,9024,2,0
Marketplace para PYMES,31,19,8,22,2,0,22,0.3548387097,0,0,0,3.333333333,960,0,0
social network applications,31,8,9,22,4,4,27,0.3870967742,0,5,1,2.615384615,43200,4,0
Automotive system - 705,31,8,5,20,6,8,31,0.09677419355,9,2,0.6666666667,2,1344,1,7
Bike Computer Family,32,13,5,22,5,6,28,0.125,6,0,1,2.3125,240,0,6
Robot Calibration,33,10,9,23,3,8,30,0,4,3,0.9090909091,2.222222222,648,1,7
Jetbrains,33,13,3,25,4,2,28,0.2727272727,3,0,2.666666667,3.4,4884,0,2
Limerick Bike Sharing System,34,25,6,26,5,2,26,0.02941176471,0,0,0,3.5,48,1,1
Text To Speech App,34,5,7,24,5,8,26,0.1176470588,2,0,1,2.277777778,267840,3,5
AmazonEC2,35,2,3,24,6,9,29,0.1428571429,5,0,1,2.15,1758,0,9
MarketplaceMiso,35,21,6,28,2,0,28,0.3714285714,0,0,0.3333333333,4.857142857,6144,0,0
Control Biometrico,35,14,9,23,5,6,27,0.2,1,3,0.75,2.222222222,23040,5,1
Inventory,37,9,2,28,4,6,33,0.1621621622,0,5,1,2.8,2028096,4,2
Agent Illustration System,37,20,10,26,3,2,26,0.2162162162,0,0,0,2.923076923,57600,2,0
mac,39,1,10,28,8,5,28,0.5641025641,0,0,0.5,2.6875,7302400,0,5
VMTools-RA,40,13,3,26,6,4,26,0.35,0,0,1,2.388888889,737280,3,1
ebay,40,13,14,30,5,8,32,0.05,1,1,1,2.611111111,2103120,6,2
Swap MArketplace,43,26,7,34,3,0,34,0.3720930233,0,0,1.5,4.666666667,2376,0,0
Emergency Response Application,43,22,3,32,4,5,32,0.1395348837,0,0,0,2.9375,23040,4,1
Tree Stem Deformation Simulator,43,13,9,28,5,10,33,0.04651162791,0,5,0.6,2.08,1202985,10,0
Wireless sensor actuator network,44,3,4,33,4,2,33,0.6363636364,0,0,0,3.461538462,13441204224,2,0
TrafficLight,44,12,10,31,5,10,39,0,3,5,0.7857142857,2.304347826,97200,2,8
MobiCent,45,10,6,32,5,6,32,0.3333333333,0,0,0,2.631578947,157437000,4,2
Electronic Drum,52,15,5,36,5,11,36,0.01923076923,0,0,0,2.296296296,331776,0,11
Plone Meeting,57,13,7,41,4,9,41,0.2280701754,0,0,0,2.6,8776581120,5,4
